/*
 Navicat Premium Data Transfer

 Source Server         : localhost_3306
 Source Server Type    : MySQL
 Source Server Version : 80018
 Source Host           : localhost:3306
 Source Schema         : syunnamori

 Target Server Type    : MySQL
 Target Server Version : 80018
 File Encoding         : 65001

 Date: 18/06/2020 10:26:59
*/

SET NAMES utf8mb4;
SET FOREIGN_KEY_CHECKS = 0;

-- ----------------------------
-- Table structure for creature
-- ----------------------------
DROP TABLE IF EXISTS `creature`;
CREATE TABLE `creature`  (
  `C_CODE` varchar(5) CHARACTER SET utf8 COLLATE utf8_general_ci NOT NULL,
  `C_NAME` varchar(60) CHARACTER SET utf8 COLLATE utf8_general_ci NOT NULL,
  `F_SH` varchar(3) CHARACTER SET utf8 COLLATE utf8_general_ci NULL DEFAULT NULL,
  `C_PRICE` int(6) NOT NULL,
  `P_CODE` varchar(3) CHARACTER SET utf8 COLLATE utf8_general_ci NOT NULL,
  `DEL_FLG` varchar(1) CHARACTER SET utf8 COLLATE utf8_general_ci NOT NULL,
  `VER` varchar(10) CHARACTER SET utf8 COLLATE utf8_general_ci NOT NULL,
  `LUD_DATE` datetime(0) NOT NULL,
  `LUD_PERSON` varchar(60) CHARACTER SET utf8 COLLATE utf8_general_ci NOT NULL,
  `FUD_DATE` datetime(0) NOT NULL,
  `FUD_PERSON` varchar(60) CHARACTER SET utf8 COLLATE utf8_general_ci NOT NULL,
  PRIMARY KEY (`C_CODE`) USING BTREE
) ENGINE = InnoDB CHARACTER SET = utf8 COLLATE = utf8_general_ci ROW_FORMAT = Dynamic;

-- ----------------------------
-- Records of creature
-- ----------------------------
INSERT INTO `creature` VALUES ('10001', 'タナゴ', '2', 900, '1', '0', '1', '2008-06-01 00:00:00', 'データベース班', '2008-06-01 00:00:00', 'データベース班');
INSERT INTO `creature` VALUES ('10002', 'オイカワ', '2', 200, '1', '0', '1', '2008-06-01 00:00:00', 'データベース班', '2008-06-01 00:00:00', 'データベース班');
INSERT INTO `creature` VALUES ('10003', 'フナ', '3', 160, '1', '0', '1', '2008-06-01 00:00:00', 'データベース班', '2008-06-01 00:00:00', 'データベース班');
INSERT INTO `creature` VALUES ('10004', 'ウグイ', '4', 240, '1', '0', '1', '2008-06-01 00:00:00', 'データベース班', '2008-06-01 00:00:00', 'データベース班');
INSERT INTO `creature` VALUES ('10005', 'コイ', '6', 300, '2', '0', '1', '2008-06-01 00:00:00', 'データベース班', '2008-06-01 00:00:00', 'データベース班');
INSERT INTO `creature` VALUES ('10006', 'ニシキゴイ', '6', 4000, '2', '0', '1', '2008-06-01 00:00:00', 'データベース班', '2008-06-01 00:00:00', 'データベース班');
INSERT INTO `creature` VALUES ('10007', 'キンギョ', '2', 1300, '2', '0', '1', '2008-06-01 00:00:00', 'データベース班', '2008-06-01 00:00:00', 'データベース班');
INSERT INTO `creature` VALUES ('10008', 'デメキン', '2', 1300, '2', '0', '1', '2008-06-01 00:00:00', 'データベース班', '2008-06-01 00:00:00', 'データベース班');
INSERT INTO `creature` VALUES ('10009', 'ランチュウ', '3', 4500, '2', '0', '1', '2008-06-01 00:00:00', 'データベース班', '2008-06-01 00:00:00', 'データベース班');
INSERT INTO `creature` VALUES ('10010', 'メダカ', '2', 300, '2', '0', '1', '2008-06-01 00:00:00', 'データベース班', '2008-06-01 00:00:00', 'データベース班');
INSERT INTO `creature` VALUES ('10011', 'ザリガニ', '3', 200, '2', '0', '1', '2008-06-01 00:00:00', 'データベース班', '2008-06-01 00:00:00', 'データベース班');
INSERT INTO `creature` VALUES ('10012', 'スッポン', '6', 3750, '1', '0', '1', '2008-06-01 00:00:00', 'データベース班', '2008-06-01 00:00:00', 'データベース班');
INSERT INTO `creature` VALUES ('10013', 'カミツキガメ', '6', 5000, '1', '0', '1', '2008-06-01 00:00:00', 'データベース班', '2008-06-01 00:00:00', 'データベース班');
INSERT INTO `creature` VALUES ('10014', 'オタマジャクシ', '2', 100, '2', '0', '1', '2008-06-01 00:00:00', 'データベース班', '2008-06-01 00:00:00', 'データベース班');
INSERT INTO `creature` VALUES ('10015', 'カエル', '3', 120, '2', '0', '1', '2008-06-01 00:00:00', 'データベース班', '2008-06-01 00:00:00', 'データベース班');
INSERT INTO `creature` VALUES ('10016', 'ドンコ', '3', 400, '1', '0', '1', '2008-06-01 00:00:00', 'データベース班', '2008-06-01 00:00:00', 'データベース班');
INSERT INTO `creature` VALUES ('10017', 'ドジョウ', '3', 400, '1', '0', '1', '2008-06-01 00:00:00', 'データベース班', '2008-06-01 00:00:00', 'データベース班');
INSERT INTO `creature` VALUES ('10018', 'ナマズ', '6', 800, '2', '0', '1', '2008-06-01 00:00:00', 'データベース班', '2008-06-01 00:00:00', 'データベース班');
INSERT INTO `creature` VALUES ('10019', 'ライギョ', '6', 5500, '2', '0', '1', '2008-06-01 00:00:00', 'データベース班', '2008-06-01 00:00:00', 'データベース班');
INSERT INTO `creature` VALUES ('10020', 'ブルーギル', '3', 180, '1', '0', '1', '2008-06-01 00:00:00', 'データベース班', '2008-06-01 00:00:00', 'データベース班');
INSERT INTO `creature` VALUES ('10021', 'イエローパーチ', '4', 300, '1', '0', '1', '2008-06-01 00:00:00', 'データベース班', '2008-06-01 00:00:00', 'データベース班');
INSERT INTO `creature` VALUES ('10022', 'ブラックバス', '6', 400, '1', '0', '1', '2008-06-01 00:00:00', 'データベース班', '2008-06-01 00:00:00', 'データベース班');
INSERT INTO `creature` VALUES ('10023', 'ティラピア', '4', 800, '1', '0', '1', '2008-06-01 00:00:00', 'データベース班', '2008-06-01 00:00:00', 'データベース班');
INSERT INTO `creature` VALUES ('10024', 'パイク', '6', 1800, '1', '0', '1', '2008-06-01 00:00:00', 'データベース班', '2008-06-01 00:00:00', 'データベース班');
INSERT INTO `creature` VALUES ('10025', 'ワカサギ', '3', 400, '1', '0', '1', '2008-06-01 00:00:00', 'データベース班', '2008-06-01 00:00:00', 'データベース班');
INSERT INTO `creature` VALUES ('10026', 'アユ', '4', 900, '1', '0', '1', '2008-06-01 00:00:00', 'データベース班', '2008-06-01 00:00:00', 'データベース班');
INSERT INTO `creature` VALUES ('10027', 'ヤマメ', '4', 1000, '3', '0', '1', '2008-06-01 00:00:00', 'データベース班', '2008-06-01 00:00:00', 'データベース班');
INSERT INTO `creature` VALUES ('10028', 'オオイワナ', '4', 3800, '3', '0', '1', '2008-06-01 00:00:00', 'データベース班', '2008-06-01 00:00:00', 'データベース班');
INSERT INTO `creature` VALUES ('10029', 'ゴールデントラウト', '4', 15000, '3', '0', '1', '2008-06-01 00:00:00', 'データベース班', '2008-06-01 00:00:00', 'データベース班');
INSERT INTO `creature` VALUES ('10030', 'イトウ', '7', 15000, '3', '0', '1', '2008-06-01 00:00:00', 'データベース班', '2008-06-01 00:00:00', 'データベース班');
INSERT INTO `creature` VALUES ('10031', 'サケ', '6', 700, '4', '0', '1', '2008-06-01 00:00:00', 'データベース班', '2008-06-01 00:00:00', 'データベース班');
INSERT INTO `creature` VALUES ('10032', 'キングサーモン', '7', 1800, '4', '0', '1', '2008-06-01 00:00:00', 'データベース班', '2008-06-01 00:00:00', 'データベース班');
INSERT INTO `creature` VALUES ('10033', 'シャンハイガニ', '3', 2000, '1', '0', '1', '2008-06-01 00:00:00', 'データベース班', '2008-06-01 00:00:00', 'データベース班');
INSERT INTO `creature` VALUES ('10034', 'グッピー', '2', 1300, '1', '0', '1', '2008-06-01 00:00:00', 'データベース班', '2008-06-01 00:00:00', 'データベース班');
INSERT INTO `creature` VALUES ('10035', 'ドクターフィッシュ', '2', 1500, '1', '0', '1', '2008-06-01 00:00:00', 'データベース班', '2008-06-01 00:00:00', 'データベース班');
INSERT INTO `creature` VALUES ('10036', 'エンゼルフィッシュ', '3', 3000, '1', '0', '1', '2008-06-01 00:00:00', 'データベース班', '2008-06-01 00:00:00', 'データベース班');
INSERT INTO `creature` VALUES ('10037', 'ベタ', '3', 2500, '1', '0', '1', '2008-06-01 00:00:00', 'データベース班', '2008-06-01 00:00:00', 'データベース班');
INSERT INTO `creature` VALUES ('10038', 'ネオンテトラ', '2', 500, '1', '0', '1', '2008-06-01 00:00:00', 'データベース班', '2008-06-01 00:00:00', 'データベース班');
INSERT INTO `creature` VALUES ('10039', 'レインボーフィッシュ', '2', 800, '1', '0', '1', '2008-06-01 00:00:00', 'データベース班', '2008-06-01 00:00:00', 'データベース班');
INSERT INTO `creature` VALUES ('10040', 'ピラニア', '3', 2500, '1', '0', '1', '2008-06-01 00:00:00', 'データベース班', '2008-06-01 00:00:00', 'データベース班');
INSERT INTO `creature` VALUES ('10041', 'アロワナ', '6', 10000, '1', '0', '1', '2008-06-01 00:00:00', 'データベース班', '2008-06-01 00:00:00', 'データベース班');
INSERT INTO `creature` VALUES ('10042', 'ドラド', '6', 15000, '1', '0', '1', '2008-06-01 00:00:00', 'データベース班', '2008-06-01 00:00:00', 'データベース班');
INSERT INTO `creature` VALUES ('10043', 'ガー', '7', 6000, '2', '0', '1', '2008-06-01 00:00:00', 'データベース班', '2008-06-01 00:00:00', 'データベース班');
INSERT INTO `creature` VALUES ('10044', 'ピラルク', '8', 10000, '1', '0', '1', '2008-06-01 00:00:00', 'データベース班', '2008-06-01 00:00:00', 'データベース班');
INSERT INTO `creature` VALUES ('10045', 'エンドリケリー', '6', 4000, '1', '0', '1', '2008-06-01 00:00:00', 'データベース班', '2008-06-01 00:00:00', 'データベース班');
INSERT INTO `creature` VALUES ('10046', 'チョウザメ', '8', 10000, '4', '0', '1', '2008-06-01 00:00:00', 'データベース班', '2008-06-01 00:00:00', 'データベース班');
INSERT INTO `creature` VALUES ('10047', 'クリオネ', '2', 1000, '5', '0', '1', '2008-06-01 00:00:00', 'データベース班', '2008-06-01 00:00:00', 'データベース班');
INSERT INTO `creature` VALUES ('10048', 'タツノオトシゴ', '2', 1100, '5', '0', '1', '2008-06-01 00:00:00', 'データベース班', '2008-06-01 00:00:00', 'データベース班');
INSERT INTO `creature` VALUES ('10049', 'クマノミ', '2', 650, '5', '0', '1', '2008-06-01 00:00:00', 'データベース班', '2008-06-01 00:00:00', 'データベース班');
INSERT INTO `creature` VALUES ('10050', 'ナンヨウハギ', '3', 1000, '5', '0', '1', '2008-06-01 00:00:00', 'データベース班', '2008-06-01 00:00:00', 'データベース班');
INSERT INTO `creature` VALUES ('10051', 'チョウチョウウオ', '3', 1000, '5', '0', '1', '2008-06-01 00:00:00', 'データベース班', '2008-06-01 00:00:00', 'データベース班');
INSERT INTO `creature` VALUES ('10052', 'ナポレオンフィッシュ', '8', 10000, '5', '0', '1', '2008-06-01 00:00:00', 'データベース班', '2008-06-01 00:00:00', 'データベース班');
INSERT INTO `creature` VALUES ('10053', 'ミノカサゴ', '4', 500, '5', '0', '1', '2008-06-01 00:00:00', 'データベース班', '2008-06-01 00:00:00', 'データベース班');
INSERT INTO `creature` VALUES ('10054', 'フグ', '4', 5000, '5', '0', '1', '2008-06-01 00:00:00', 'データベース班', '2008-06-01 00:00:00', 'データベース班');
INSERT INTO `creature` VALUES ('10055', 'ハリセンボン', '4', 250, '5', '0', '1', '2008-06-01 00:00:00', 'データベース班', '2008-06-01 00:00:00', 'データベース班');
INSERT INTO `creature` VALUES ('10056', 'アンチョビ', '3', 200, '5', '0', '1', '2008-06-01 00:00:00', 'データベース班', '2008-06-01 00:00:00', 'データベース班');
INSERT INTO `creature` VALUES ('10057', 'アジ', '3', 150, '5', '0', '1', '2008-06-01 00:00:00', 'データベース班', '2008-06-01 00:00:00', 'データベース班');
INSERT INTO `creature` VALUES ('10058', 'イシダイ', '4', 5000, '5', '0', '1', '2008-06-01 00:00:00', 'データベース班', '2008-06-01 00:00:00', 'データベース班');
INSERT INTO `creature` VALUES ('10059', 'スズキ', '6', 400, '5', '0', '1', '2008-06-01 00:00:00', 'データベース班', '2008-06-01 00:00:00', 'データベース班');
INSERT INTO `creature` VALUES ('10060', 'タイ', '6', 3000, '5', '0', '1', '2008-06-01 00:00:00', 'データベース班', '2008-06-01 00:00:00', 'データベース班');
INSERT INTO `creature` VALUES ('10061', 'カレイ', '4', 300, '5', '0', '1', '2008-06-01 00:00:00', 'データベース班', '2008-06-01 00:00:00', 'データベース班');
INSERT INTO `creature` VALUES ('10062', 'ヒラメ', '6', 800, '5', '0', '1', '2008-06-01 00:00:00', 'データベース班', '2008-06-01 00:00:00', 'データベース班');
INSERT INTO `creature` VALUES ('10063', 'イカ', '4', 500, '5', '0', '1', '2008-06-01 00:00:00', 'データベース班', '2008-06-01 00:00:00', 'データベース班');
INSERT INTO `creature` VALUES ('10064', 'ウツボ', '5', 2000, '5', '0', '1', '2008-06-01 00:00:00', 'データベース班', '2008-06-01 00:00:00', 'データベース班');
INSERT INTO `creature` VALUES ('10065', 'ハナヒゲウツボ', '5', 600, '5', '0', '1', '2008-06-01 00:00:00', 'データベース班', '2008-06-01 00:00:00', 'データベース班');
INSERT INTO `creature` VALUES ('10066', 'マグロ', '8', 7000, '6', '0', '1', '2008-06-01 00:00:00', 'データベース班', '2008-06-01 00:00:00', 'データベース班');
INSERT INTO `creature` VALUES ('10067', 'カジキ', '8', 10000, '6', '0', '1', '2008-06-01 00:00:00', 'データベース班', '2008-06-01 00:00:00', 'データベース班');
INSERT INTO `creature` VALUES ('10068', 'ロウニンアジ', '6', 4500, '6', '0', '1', '2008-06-01 00:00:00', 'データベース班', '2008-06-01 00:00:00', 'データベース班');
INSERT INTO `creature` VALUES ('10069', 'シイラ', '7', 6000, '6', '0', '1', '2008-06-01 00:00:00', 'データベース班', '2008-06-01 00:00:00', 'データベース班');
INSERT INTO `creature` VALUES ('10070', 'マンボウ', '1', 4000, '5', '0', '1', '2008-06-01 00:00:00', 'データベース班', '2008-06-01 00:00:00', 'データベース班');
INSERT INTO `creature` VALUES ('10071', 'エイ', '6', 3000, '5', '0', '1', '2008-06-01 00:00:00', 'データベース班', '2008-06-01 00:00:00', 'データベース班');
INSERT INTO `creature` VALUES ('10072', 'ノコギリザメ', '1', 12000, '5', '0', '1', '2008-06-01 00:00:00', 'データベース班', '2008-06-01 00:00:00', 'データベース班');
INSERT INTO `creature` VALUES ('10073', 'シュモクザメ', '1', 8000, '5', '0', '1', '2008-06-01 00:00:00', 'データベース班', '2008-06-01 00:00:00', 'データベース班');
INSERT INTO `creature` VALUES ('10074', 'サメ', '1', 15000, '5', '0', '1', '2008-06-01 00:00:00', 'データベース班', '2008-06-01 00:00:00', 'データベース班');
INSERT INTO `creature` VALUES ('10075', 'ジンベエザメ', '1', 13000, '5', '0', '1', '2008-06-01 00:00:00', 'データベース班', '2008-06-01 00:00:00', 'データベース班');
INSERT INTO `creature` VALUES ('10076', 'コバンザメ', '1', 1500, '5', '0', '1', '2008-06-01 00:00:00', 'データベース班', '2008-06-01 00:00:00', 'データベース班');
INSERT INTO `creature` VALUES ('10077', 'チョウチンアンコウ', '6', 2500, '5', '0', '1', '2008-06-01 00:00:00', 'データベース班', '2008-06-01 00:00:00', 'データベース班');
INSERT INTO `creature` VALUES ('10078', 'リュウグウノツカイ', '8', 9000, '5', '0', '1', '2008-06-01 00:00:00', 'データベース班', '2008-06-01 00:00:00', 'データベース班');
INSERT INTO `creature` VALUES ('10079', 'デメニギス', '3', 15000, '5', '0', '1', '2008-06-01 00:00:00', 'データベース班', '2008-06-01 00:00:00', 'データベース班');
INSERT INTO `creature` VALUES ('10080', 'シーラカンス', '8', 15000, '7', '0', '1', '2008-06-01 00:00:00', 'データベース班', '2008-06-01 00:00:00', 'データベース班');
INSERT INTO `creature` VALUES ('20001', 'モンシロチョウ', NULL, 160, '8', '0', '1', '2008-06-01 00:00:00', 'データベース班', '2008-06-01 00:00:00', 'データベース班');
INSERT INTO `creature` VALUES ('20002', 'モンキチョウ', NULL, 160, '8', '0', '1', '2008-06-01 00:00:00', 'データベース班', '2008-06-01 00:00:00', 'データベース班');
INSERT INTO `creature` VALUES ('20003', 'アゲハチョウ', NULL, 240, '8', '0', '1', '2008-06-01 00:00:00', 'データベース班', '2008-06-01 00:00:00', 'データベース班');
INSERT INTO `creature` VALUES ('20004', 'カラスアゲハ', NULL, 2500, '17', '0', '1', '2008-06-01 00:00:00', 'データベース班', '2008-06-01 00:00:00', 'データベース班');
INSERT INTO `creature` VALUES ('20005', 'アオスジアゲハ', NULL, 300, '8', '0', '1', '2008-06-01 00:00:00', 'データベース班', '2008-06-01 00:00:00', 'データベース班');
INSERT INTO `creature` VALUES ('20006', 'オオゴマダラ', NULL, 1000, '17', '0', '1', '2008-06-01 00:00:00', 'データベース班', '2008-06-01 00:00:00', 'データベース班');
INSERT INTO `creature` VALUES ('20007', 'オオムラサキ', NULL, 3000, '17', '0', '1', '2008-06-01 00:00:00', 'データベース班', '2008-06-01 00:00:00', 'データベース班');
INSERT INTO `creature` VALUES ('20008', 'オオカバマダラ', NULL, 140, '17', '0', '1', '2008-06-01 00:00:00', 'データベース班', '2008-06-01 00:00:00', 'データベース班');
INSERT INTO `creature` VALUES ('20009', 'モルフォチョウ', NULL, 4000, '17', '0', '1', '2008-06-01 00:00:00', 'データベース班', '2008-06-01 00:00:00', 'データベース班');
INSERT INTO `creature` VALUES ('20010', 'ミイロタテハ', NULL, 3000, '17', '0', '1', '2008-06-01 00:00:00', 'データベース班', '2008-06-01 00:00:00', 'データベース班');
INSERT INTO `creature` VALUES ('20011', 'アカエリトリバネアゲハ', NULL, 2500, '17', '0', '1', '2008-06-01 00:00:00', 'データベース班', '2008-06-01 00:00:00', 'データベース班');
INSERT INTO `creature` VALUES ('20012', 'アレキサンドラトリバネアゲハ', NULL, 4000, '17', '0', '1', '2008-06-01 00:00:00', 'データベース班', '2008-06-01 00:00:00', 'データベース班');
INSERT INTO `creature` VALUES ('20013', 'ガ', NULL, 130, '9', '0', '1', '2008-06-01 00:00:00', 'データベース班', '2008-06-01 00:00:00', 'データベース班');
INSERT INTO `creature` VALUES ('20014', 'ヨナグニサン', NULL, 3000, '13', '0', '1', '2008-06-01 00:00:00', 'データベース班', '2008-06-01 00:00:00', 'データベース班');
INSERT INTO `creature` VALUES ('20015', 'ニシキオオツバネガ', NULL, 2500, '10', '0', '1', '2008-06-01 00:00:00', 'データベース班', '2008-06-01 00:00:00', 'データベース班');
INSERT INTO `creature` VALUES ('20016', 'ショウリョウバッタ', NULL, 200, '16', '0', '1', '2008-06-01 00:00:00', 'データベース班', '2008-06-01 00:00:00', 'データベース班');
INSERT INTO `creature` VALUES ('20017', 'トノマサバッタ', NULL, 600, '16', '0', '1', '2008-06-01 00:00:00', 'データベース班', '2008-06-01 00:00:00', 'データベース班');
INSERT INTO `creature` VALUES ('20018', 'イナゴ', NULL, 400, '16', '0', '1', '2008-06-01 00:00:00', 'データベース班', '2008-06-01 00:00:00', 'データベース班');
INSERT INTO `creature` VALUES ('20019', 'キリギリス', NULL, 160, '16', '0', '1', '2008-06-01 00:00:00', 'データベース班', '2008-06-01 00:00:00', 'データベース班');
INSERT INTO `creature` VALUES ('20020', 'コオロギ', NULL, 130, '16', '0', '1', '2008-06-01 00:00:00', 'データベース班', '2008-06-01 00:00:00', 'データベース班');
INSERT INTO `creature` VALUES ('20021', 'ムズムシ', NULL, 430, '16', '0', '1', '2008-06-01 00:00:00', 'データベース班', '2008-06-01 00:00:00', 'データベース班');
INSERT INTO `creature` VALUES ('20022', 'カマキリ', NULL, 430, '17', '0', '1', '2008-06-01 00:00:00', 'データベース班', '2008-06-01 00:00:00', 'データベース班');
INSERT INTO `creature` VALUES ('20023', 'ハナマカキリ', NULL, 2400, '17', '0', '1', '2008-06-01 00:00:00', 'データベース班', '2008-06-01 00:00:00', 'データベース班');
INSERT INTO `creature` VALUES ('20024', 'ミツバチ', NULL, 200, '17', '0', '1', '2008-06-01 00:00:00', 'データベース班', '2008-06-01 00:00:00', 'データベース班');
INSERT INTO `creature` VALUES ('20025', 'ハチ', NULL, 2500, '15', '0', '1', '2008-06-01 00:00:00', 'データベース班', '2008-06-01 00:00:00', 'データベース班');
INSERT INTO `creature` VALUES ('20026', 'アブラゼミ', NULL, 250, '11', '0', '1', '2008-06-01 00:00:00', 'データベース班', '2008-06-01 00:00:00', 'データベース班');
INSERT INTO `creature` VALUES ('20027', 'ミンミンゼミ', NULL, 300, '11', '0', '1', '2008-06-01 00:00:00', 'データベース班', '2008-06-01 00:00:00', 'データベース班');
INSERT INTO `creature` VALUES ('20028', 'クマゼミ', NULL, 500, '11', '0', '1', '2008-06-01 00:00:00', 'データベース班', '2008-06-01 00:00:00', 'データベース班');
INSERT INTO `creature` VALUES ('20029', 'ツクツクホウシ', NULL, 400, '11', '0', '1', '2008-06-01 00:00:00', 'データベース班', '2008-06-01 00:00:00', 'データベース班');
INSERT INTO `creature` VALUES ('20030', 'ヒグラシ', NULL, 550, '11', '0', '1', '2008-06-01 00:00:00', 'データベース班', '2008-06-01 00:00:00', 'データベース班');
INSERT INTO `creature` VALUES ('20031', 'セミのぬけがら', NULL, 10, '11', '0', '1', '2008-06-01 00:00:00', 'データベース班', '2008-06-01 00:00:00', 'データベース班');
INSERT INTO `creature` VALUES ('20032', 'アキアカネ', NULL, 180, '8', '0', '1', '2008-06-01 00:00:00', 'データベース班', '2008-06-01 00:00:00', 'データベース班');
INSERT INTO `creature` VALUES ('20033', 'ギンヤンマ', NULL, 230, '8', '0', '1', '2008-06-01 00:00:00', 'データベース班', '2008-06-01 00:00:00', 'データベース班');
INSERT INTO `creature` VALUES ('20034', 'オニヤンマ', NULL, 4500, '8', '0', '1', '2008-06-01 00:00:00', 'データベース班', '2008-06-01 00:00:00', 'データベース班');
INSERT INTO `creature` VALUES ('20035', 'イトトンボ', NULL, 500, '8', '0', '1', '2008-06-01 00:00:00', 'データベース班', '2008-06-01 00:00:00', 'データベース班');
INSERT INTO `creature` VALUES ('20036', 'ホタル', NULL, 300, '18', '0', '1', '2008-06-01 00:00:00', 'データベース班', '2008-06-01 00:00:00', 'データベース班');
INSERT INTO `creature` VALUES ('20037', 'オケラ', NULL, 500, '16', '0', '1', '2008-06-01 00:00:00', 'データベース班', '2008-06-01 00:00:00', 'データベース班');
INSERT INTO `creature` VALUES ('20038', 'アメンボ', NULL, 130, '20', '0', '1', '2008-06-01 00:00:00', 'データベース班', '2008-06-01 00:00:00', 'データベース班');
INSERT INTO `creature` VALUES ('20039', 'ゲンゴロウ', NULL, 800, '20', '0', '1', '2008-06-01 00:00:00', 'データベース班', '2008-06-01 00:00:00', 'データベース班');
INSERT INTO `creature` VALUES ('20040', 'タガメ', NULL, 2000, '20', '0', '1', '2008-06-01 00:00:00', 'データベース班', '2008-06-01 00:00:00', 'データベース班');
INSERT INTO `creature` VALUES ('20041', 'カメムシ', NULL, 120, '17', '0', '1', '2008-06-01 00:00:00', 'データベース班', '2008-06-01 00:00:00', 'データベース班');
INSERT INTO `creature` VALUES ('20042', 'ジンメンカメムシ', NULL, 1000, '17', '0', '1', '2008-06-01 00:00:00', 'データベース班', '2008-06-01 00:00:00', 'データベース班');
INSERT INTO `creature` VALUES ('20043', 'テントウムシ', NULL, 200, '17', '0', '1', '2008-06-01 00:00:00', 'データベース班', '2008-06-01 00:00:00', 'データベース班');
INSERT INTO `creature` VALUES ('20044', 'ハンミョウ', NULL, 1500, '16', '0', '1', '2008-06-01 00:00:00', 'データベース班', '2008-06-01 00:00:00', 'データベース班');
INSERT INTO `creature` VALUES ('20045', 'タマムシ', NULL, 2400, '21', '0', '1', '2008-06-01 00:00:00', 'データベース班', '2008-06-01 00:00:00', 'データベース班');
INSERT INTO `creature` VALUES ('20046', 'ハイオリンムシ', NULL, 450, '21', '0', '1', '2008-06-01 00:00:00', 'データベース班', '2008-06-01 00:00:00', 'データベース班');
INSERT INTO `creature` VALUES ('20047', 'ゴマダラカミキリ', NULL, 350, '21', '0', '1', '2008-06-01 00:00:00', 'データベース班', '2008-06-01 00:00:00', 'データベース班');
INSERT INTO `creature` VALUES ('20048', 'ルリボシカミキリ', NULL, 3000, '21', '0', '1', '2008-06-01 00:00:00', 'データベース班', '2008-06-01 00:00:00', 'データベース班');
INSERT INTO `creature` VALUES ('20049', 'ホウセキゾウムシ', NULL, 800, '12', '0', '1', '2008-06-01 00:00:00', 'データベース班', '2008-06-01 00:00:00', 'データベース班');
INSERT INTO `creature` VALUES ('20050', 'フンコロガシ', NULL, 3000, '22', '0', '1', '2008-06-01 00:00:00', 'データベース班', '2008-06-01 00:00:00', 'データベース班');
INSERT INTO `creature` VALUES ('20051', 'オオセンチコガネ', NULL, 300, '16', '0', '1', '2008-06-01 00:00:00', 'データベース班', '2008-06-01 00:00:00', 'データベース班');
INSERT INTO `creature` VALUES ('20052', 'プラチナコガネ', NULL, 10000, '13', '0', '1', '2008-06-01 00:00:00', 'データベース班', '2008-06-01 00:00:00', 'データベース班');
INSERT INTO `creature` VALUES ('20053', 'カネブン', NULL, 200, '11', '0', '1', '2008-06-01 00:00:00', 'データベース班', '2008-06-01 00:00:00', 'データベース班');
INSERT INTO `creature` VALUES ('20054', 'ゴライアスオオツノハナムグリ', NULL, 8000, '12', '0', '1', '2008-06-01 00:00:00', 'データベース班', '2008-06-01 00:00:00', 'データベース班');
INSERT INTO `creature` VALUES ('20055', 'ノコギリクワガタ', NULL, 2000, '13', '0', '1', '2008-06-01 00:00:00', 'データベース班', '2008-06-01 00:00:00', 'データベース班');
INSERT INTO `creature` VALUES ('20056', 'ミヤマクワガタ', NULL, 1000, '11', '0', '1', '2008-06-01 00:00:00', 'データベース班', '2008-06-01 00:00:00', 'データベース班');
INSERT INTO `creature` VALUES ('20057', 'オオカワガタ', NULL, 10000, '13', '0', '1', '2008-06-01 00:00:00', 'データベース班', '2008-06-01 00:00:00', 'データベース班');
INSERT INTO `creature` VALUES ('20058', 'ニジイロクワガタ', NULL, 6000, '13', '0', '1', '2008-06-01 00:00:00', 'データベース班', '2008-06-01 00:00:00', 'データベース班');
INSERT INTO `creature` VALUES ('20059', 'ホソアカクワガタ', NULL, 8000, '12', '0', '1', '2008-06-01 00:00:00', 'データベース班', '2008-06-01 00:00:00', 'データベース班');
INSERT INTO `creature` VALUES ('20060', 'オウゴンオニクワガタ', NULL, 12000, '12', '0', '1', '2008-06-01 00:00:00', 'データベース班', '2008-06-01 00:00:00', 'データベース班');
INSERT INTO `creature` VALUES ('20061', 'ギラファノコギリクワガタ', NULL, 12000, '12', '0', '1', '2008-06-01 00:00:00', 'データベース班', '2008-06-01 00:00:00', 'データベース班');
INSERT INTO `creature` VALUES ('20062', 'カブトムシ', NULL, 1350, '11', '0', '1', '2008-06-01 00:00:00', 'データベース班', '2008-06-01 00:00:00', 'データベース班');
INSERT INTO `creature` VALUES ('20063', 'コーカサスオオカブト', NULL, 8000, '12', '0', '1', '2008-06-01 00:00:00', 'データベース班', '2008-06-01 00:00:00', 'データベース班');
INSERT INTO `creature` VALUES ('20064', 'ゾウカブト', NULL, 8000, '12', '0', '1', '2008-06-01 00:00:00', 'データベース班', '2008-06-01 00:00:00', 'データベース班');
INSERT INTO `creature` VALUES ('20065', 'ヘラクレスオオカブト', NULL, 12000, '12', '0', '1', '2008-06-01 00:00:00', 'データベース班', '2008-06-01 00:00:00', 'データベース班');
INSERT INTO `creature` VALUES ('20066', 'ナナフシ', NULL, 600, '13', '0', '1', '2008-06-01 00:00:00', 'データベース班', '2008-06-01 00:00:00', 'データベース班');
INSERT INTO `creature` VALUES ('20067', 'コノハムシ', NULL, 600, '14', '0', '1', '2008-06-01 00:00:00', 'データベース班', '2008-06-01 00:00:00', 'データベース班');
INSERT INTO `creature` VALUES ('20068', 'ミノムシ', NULL, 600, '15', '0', '1', '2008-06-01 00:00:00', 'データベース班', '2008-06-01 00:00:00', 'データベース班');
INSERT INTO `creature` VALUES ('20069', 'アリ', NULL, 80, '23', '0', '1', '2008-06-01 00:00:00', 'データベース班', '2008-06-01 00:00:00', 'データベース班');
INSERT INTO `creature` VALUES ('20070', 'ヤドカリ', NULL, 1000, '24', '0', '1', '2008-06-01 00:00:00', 'データベース班', '2008-06-01 00:00:00', 'データベース班');
INSERT INTO `creature` VALUES ('20071', 'フノムシ', NULL, 200, '25', '0', '1', '2008-06-01 00:00:00', 'データベース班', '2008-06-01 00:00:00', 'データベース班');
INSERT INTO `creature` VALUES ('20072', 'ハエ', NULL, 60, '26', '0', '1', '2008-06-01 00:00:00', 'データベース班', '2008-06-01 00:00:00', 'データベース班');
INSERT INTO `creature` VALUES ('20073', 'カ', NULL, 130, '8', '0', '1', '2008-06-01 00:00:00', 'データベース班', '2008-06-01 00:00:00', 'データベース班');
INSERT INTO `creature` VALUES ('20074', 'ノミ', NULL, 70, '27', '0', '1', '2008-06-01 00:00:00', 'データベース班', '2008-06-01 00:00:00', 'データベース班');
INSERT INTO `creature` VALUES ('20075', 'カタツムリ', NULL, 250, '28', '0', '1', '2008-06-01 00:00:00', 'データベース班', '2008-06-01 00:00:00', 'データベース班');
INSERT INTO `creature` VALUES ('20076', 'ダンゴムシ', NULL, 250, '29', '0', '1', '2008-06-01 00:00:00', 'データベース班', '2008-06-01 00:00:00', 'データベース班');
INSERT INTO `creature` VALUES ('20077', 'ムカデ', NULL, 300, '29', '0', '1', '2008-06-01 00:00:00', 'データベース班', '2008-06-01 00:00:00', 'データベース班');
INSERT INTO `creature` VALUES ('20078', 'クモ', NULL, 600, '15', '0', '1', '2008-06-01 00:00:00', 'データベース班', '2008-06-01 00:00:00', 'データベース班');
INSERT INTO `creature` VALUES ('20079', 'タランチュウラ', NULL, 8000, '16', '0', '1', '2008-06-01 00:00:00', 'データベース班', '2008-06-01 00:00:00', 'データベース班');
INSERT INTO `creature` VALUES ('20080', 'サソリ', NULL, 8000, '16', '0', '1', '2008-06-01 00:00:00', 'データベース班', '2008-06-01 00:00:00', 'データベース班');

-- ----------------------------
-- Table structure for place
-- ----------------------------
DROP TABLE IF EXISTS `place`;
CREATE TABLE `place`  (
  `P_CODE` varchar(3) CHARACTER SET utf8 COLLATE utf8_general_ci NOT NULL,
  `P_NAME` varchar(20) CHARACTER SET utf8 COLLATE utf8_general_ci NOT NULL,
  `DEL_FLG` varchar(1) CHARACTER SET utf8 COLLATE utf8_general_ci NOT NULL,
  `VER` varchar(10) CHARACTER SET utf8 COLLATE utf8_general_ci NOT NULL,
  `LUD_DATE` datetime(0) NOT NULL,
  `LUD_PERSON` varchar(60) CHARACTER SET utf8 COLLATE utf8_general_ci NOT NULL,
  `FUD_DATE` datetime(0) NOT NULL,
  `FUD_PERSON` varchar(60) CHARACTER SET utf8 COLLATE utf8_general_ci NOT NULL,
  PRIMARY KEY (`P_CODE`) USING BTREE
) ENGINE = InnoDB CHARACTER SET = utf8 COLLATE = utf8_general_ci ROW_FORMAT = Dynamic;

-- ----------------------------
-- Records of place
-- ----------------------------
INSERT INTO `place` VALUES ('1', '川', '0', '1', '2008-06-01 00:00:00', 'データベース班', '2008-06-01 00:00:00', 'データベース班');
INSERT INTO `place` VALUES ('10', '花の近', '0', '1', '2008-06-01 00:00:00', 'データベース班', '2008-06-01 00:00:00', 'データベース班');
INSERT INTO `place` VALUES ('11', '木', '0', '1', '2008-06-01 00:00:00', 'データベース班', '2008-06-01 00:00:00', 'データベース班');
INSERT INTO `place` VALUES ('12', 'ヤシの木', '0', '1', '2008-06-01 00:00:00', 'データベース班', '2008-06-01 00:00:00', 'データベース班');
INSERT INTO `place` VALUES ('13', '木/ヤシの木', '0', '1', '2008-06-01 00:00:00', 'データベース班', '2008-06-01 00:00:00', 'データベース班');
INSERT INTO `place` VALUES ('14', '木の根元', '0', '1', '2008-06-01 00:00:00', 'データベース班', '2008-06-01 00:00:00', 'データベース班');
INSERT INTO `place` VALUES ('15', '木揺', '0', '1', '2008-06-01 00:00:00', 'データベース班', '2008-06-01 00:00:00', 'データベース班');
INSERT INTO `place` VALUES ('16', '陸', '0', '1', '2008-06-01 00:00:00', 'データベース班', '2008-06-01 00:00:00', 'データベース班');
INSERT INTO `place` VALUES ('17', '花', '0', '1', '2008-06-01 00:00:00', 'データベース班', '2008-06-01 00:00:00', 'データベース班');
INSERT INTO `place` VALUES ('18', '川の近い空中', '0', '1', '2008-06-01 00:00:00', 'データベース班', '2008-06-01 00:00:00', 'データベース班');
INSERT INTO `place` VALUES ('19', '土の中', '0', '1', '2008-06-01 00:00:00', 'データベース班', '2008-06-01 00:00:00', 'データベース班');
INSERT INTO `place` VALUES ('2', '池', '0', '1', '2008-06-01 00:00:00', 'データベース班', '2008-06-01 00:00:00', 'データベース班');
INSERT INTO `place` VALUES ('20', '水面', '0', '1', '2008-06-01 00:00:00', 'データベース班', '2008-06-01 00:00:00', 'データベース班');
INSERT INTO `place` VALUES ('21', '切り株', '0', '1', '2008-06-01 00:00:00', 'データベース班', '2008-06-01 00:00:00', 'データベース班');
INSERT INTO `place` VALUES ('22', '雪玉', '0', '1', '2008-06-01 00:00:00', 'データベース班', '2008-06-01 00:00:00', 'データベース班');
INSERT INTO `place` VALUES ('23', 'カブ', '0', '1', '2008-06-01 00:00:00', 'データベース班', '2008-06-01 00:00:00', 'データベース班');
INSERT INTO `place` VALUES ('24', '砂浜', '0', '1', '2008-06-01 00:00:00', 'データベース班', '2008-06-01 00:00:00', 'データベース班');
INSERT INTO `place` VALUES ('25', '岩場', '0', '1', '2008-06-01 00:00:00', 'データベース班', '2008-06-01 00:00:00', 'データベース班');
INSERT INTO `place` VALUES ('26', '長靴、缶、タイヤ、カブ', '0', '1', '2008-06-01 00:00:00', 'データベース班', '2008-06-01 00:00:00', 'データベース班');
INSERT INTO `place` VALUES ('27', '住民の体', '0', '1', '2008-06-01 00:00:00', 'データベース班', '2008-06-01 00:00:00', 'データベース班');
INSERT INTO `place` VALUES ('28', '切り株(雨)、岩(雨)', '0', '1', '2008-06-01 00:00:00', 'データベース班', '2008-06-01 00:00:00', 'データベース班');
INSERT INTO `place` VALUES ('29', '岩を叩く', '0', '1', '2008-06-01 00:00:00', 'データベース班', '2008-06-01 00:00:00', 'データベース班');
INSERT INTO `place` VALUES ('3', '崖の上', '0', '1', '2008-06-01 00:00:00', 'データベース班', '2008-06-01 00:00:00', 'データベース班');
INSERT INTO `place` VALUES ('4', '河口', '0', '1', '2008-06-01 00:00:00', 'データベース班', '2008-06-01 00:00:00', 'データベース班');
INSERT INTO `place` VALUES ('5', '海', '0', '1', '2008-06-01 00:00:00', 'データベース班', '2008-06-01 00:00:00', 'データベース班');
INSERT INTO `place` VALUES ('6', '桟橋', '0', '1', '2008-06-01 00:00:00', 'データベース班', '2008-06-01 00:00:00', 'データベース班');
INSERT INTO `place` VALUES ('7', '海(雨)', '0', '1', '2008-06-01 00:00:00', 'データベース班', '2008-06-01 00:00:00', 'データベース班');
INSERT INTO `place` VALUES ('8', '空中', '0', '1', '2008-06-01 00:00:00', 'データベース班', '2008-06-01 00:00:00', 'データベース班');
INSERT INTO `place` VALUES ('9', '街灯', '0', '1', '2008-06-01 00:00:00', 'データベース班', '2008-06-01 00:00:00', 'データベース班');

-- ----------------------------
-- Table structure for time_zone
-- ----------------------------
DROP TABLE IF EXISTS `time_zone`;
CREATE TABLE `time_zone`  (
  `I_CODE` varchar(5) CHARACTER SET utf8 COLLATE utf8_general_ci NOT NULL,
  `C_CODE` varchar(5) CHARACTER SET utf8 COLLATE utf8_general_ci NOT NULL,
  `N_MONTH` int(4) NOT NULL,
  `S_MONTH` int(4) NOT NULL,
  `TIME_ZONE` int(4) NOT NULL,
  `DEL_FLG` varchar(1) CHARACTER SET utf8 COLLATE utf8_general_ci NOT NULL,
  `VER` varchar(10) CHARACTER SET utf8 COLLATE utf8_general_ci NOT NULL,
  `LUD_DATE` datetime(0) NOT NULL,
  `LUD_PERSON` varchar(60) CHARACTER SET utf8 COLLATE utf8_general_ci NOT NULL,
  `FUD_DATE` datetime(0) NOT NULL,
  `FUD_PERSON` varchar(60) CHARACTER SET utf8 COLLATE utf8_general_ci NOT NULL,
  PRIMARY KEY (`I_CODE`) USING BTREE
) ENGINE = InnoDB CHARACTER SET = utf8 COLLATE = utf8_general_ci ROW_FORMAT = Dynamic;

-- ----------------------------
-- Records of time_zone
-- ----------------------------
INSERT INTO `time_zone` VALUES ('1', '10001', 1103, 509, 124, '0', '1', '2008-06-01 00:00:00', 'データベース班', '2008-06-01 00:00:00', 'データベース班');
INSERT INTO `time_zone` VALUES ('10', '10010', 408, 1002, 124, '0', '1', '2008-06-01 00:00:00', 'データベース班', '2008-06-01 00:00:00', 'データベース班');
INSERT INTO `time_zone` VALUES ('100', '20015', 409, 1003, 816, '0', '1', '2008-06-01 00:00:00', 'データベース班', '2008-06-01 00:00:00', 'データベース班');
INSERT INTO `time_zone` VALUES ('101', '20016', 411, 1005, 819, '0', '1', '2008-06-01 00:00:00', 'データベース班', '2008-06-01 00:00:00', 'データベース班');
INSERT INTO `time_zone` VALUES ('102', '20017', 811, 205, 819, '0', '1', '2008-06-01 00:00:00', 'データベース班', '2008-06-01 00:00:00', 'データベース班');
INSERT INTO `time_zone` VALUES ('103', '20018', 811, 205, 419, '0', '1', '2008-06-01 00:00:00', 'データベース班', '2008-06-01 00:00:00', 'データベース班');
INSERT INTO `time_zone` VALUES ('104', '20019', 709, 103, 817, '0', '1', '2008-06-01 00:00:00', 'データベース班', '2008-06-01 00:00:00', 'データベース班');
INSERT INTO `time_zone` VALUES ('105', '20020', 911, 305, 1708, '0', '1', '2008-06-01 00:00:00', 'データベース班', '2008-06-01 00:00:00', 'データベース班');
INSERT INTO `time_zone` VALUES ('106', '20021', 910, 304, 1708, '0', '1', '2008-06-01 00:00:00', 'データベース班', '2008-06-01 00:00:00', 'データベース班');
INSERT INTO `time_zone` VALUES ('107', '20022', 311, 905, 817, '0', '1', '2008-06-01 00:00:00', 'データベース班', '2008-06-01 00:00:00', 'データベース班');
INSERT INTO `time_zone` VALUES ('108', '20023', 311, 905, 817, '0', '1', '2008-06-01 00:00:00', 'データベース班', '2008-06-01 00:00:00', 'データベース班');
INSERT INTO `time_zone` VALUES ('109', '20024', 307, 901, 817, '0', '1', '2008-06-01 00:00:00', 'データベース班', '2008-06-01 00:00:00', 'データベース班');
INSERT INTO `time_zone` VALUES ('11', '10011', 409, 1003, 124, '0', '1', '2008-06-01 00:00:00', 'データベース班', '2008-06-01 00:00:00', 'データベース班');
INSERT INTO `time_zone` VALUES ('110', '20025', 112, 112, 124, '0', '1', '2008-06-01 00:00:00', 'データベース班', '2008-06-01 00:00:00', 'データベース班');
INSERT INTO `time_zone` VALUES ('111', '20026', 708, 102, 417, '0', '1', '2008-06-01 00:00:00', 'データベース班', '2008-06-01 00:00:00', 'データベース班');
INSERT INTO `time_zone` VALUES ('112', '20027', 708, 102, 817, '0', '1', '2008-06-01 00:00:00', 'データベース班', '2008-06-01 00:00:00', 'データベース班');
INSERT INTO `time_zone` VALUES ('113', '20028', 708, 102, 817, '0', '1', '2008-06-01 00:00:00', 'データベース班', '2008-06-01 00:00:00', 'データベース班');
INSERT INTO `time_zone` VALUES ('114', '20029', 809, 203, 817, '0', '1', '2008-06-01 00:00:00', 'データベース班', '2008-06-01 00:00:00', 'データベース班');
INSERT INTO `time_zone` VALUES ('115', '20030', 708, 102, 408, '0', '1', '2008-06-01 00:00:00', 'データベース班', '2008-06-01 00:00:00', 'データベース班');
INSERT INTO `time_zone` VALUES ('116', '20031', 708, 102, 125, '0', '1', '2008-06-01 00:00:00', 'データベース班', '2008-06-01 00:00:00', 'データベース班');
INSERT INTO `time_zone` VALUES ('117', '20032', 910, 304, 419, '0', '1', '2008-06-01 00:00:00', 'データベース班', '2008-06-01 00:00:00', 'データベース班');
INSERT INTO `time_zone` VALUES ('118', '20033', 410, 1004, 817, '0', '1', '2008-06-01 00:00:00', 'データベース班', '2008-06-01 00:00:00', 'データベース班');
INSERT INTO `time_zone` VALUES ('119', '20034', 510, 1104, 817, '0', '1', '2008-06-01 00:00:00', 'データベース班', '2008-06-01 00:00:00', 'データベース班');
INSERT INTO `time_zone` VALUES ('12', '10012', 809, 203, 1609, '0', '1', '2008-06-01 00:00:00', 'データベース班', '2008-06-01 00:00:00', 'データベース班');
INSERT INTO `time_zone` VALUES ('120', '20035', 1102, 508, 124, '0', '1', '2008-06-01 00:00:00', 'データベース班', '2008-06-01 00:00:00', 'データベース班');
INSERT INTO `time_zone` VALUES ('121', '20036', 606, 1212, 1904, '0', '1', '2008-06-01 00:00:00', 'データベース班', '2008-06-01 00:00:00', 'データベース班');
INSERT INTO `time_zone` VALUES ('122', '20037', 1105, 511, 124, '0', '1', '2008-06-01 00:00:00', 'データベース班', '2008-06-01 00:00:00', 'データベース班');
INSERT INTO `time_zone` VALUES ('123', '20038', 509, 1103, 419, '0', '1', '2008-06-01 00:00:00', 'データベース班', '2008-06-01 00:00:00', 'データベース班');
INSERT INTO `time_zone` VALUES ('124', '20039', 509, 1103, 819, '0', '1', '2008-06-01 00:00:00', 'データベース班', '2008-06-01 00:00:00', 'データベース班');
INSERT INTO `time_zone` VALUES ('125', '20040', 409, 1003, 1908, '0', '1', '2008-06-01 00:00:00', 'データベース班', '2008-06-01 00:00:00', 'データベース班');
INSERT INTO `time_zone` VALUES ('126', '20041', 310, 904, 124, '0', '1', '2008-06-01 00:00:00', 'データベース班', '2008-06-01 00:00:00', 'データベース班');
INSERT INTO `time_zone` VALUES ('127', '20042', 310, 904, 1908, '0', '1', '2008-06-01 00:00:00', 'データベース班', '2008-06-01 00:00:00', 'データベース班');
INSERT INTO `time_zone` VALUES ('128', '20043', 306, 404, 817, '0', '1', '2008-06-01 00:00:00', 'データベース班', '2008-06-01 00:00:00', 'データベース班');
INSERT INTO `time_zone` VALUES ('129', '20044', 210, 804, 124, '0', '1', '2008-06-01 00:00:00', 'データベース班', '2008-06-01 00:00:00', 'データベース班');
INSERT INTO `time_zone` VALUES ('13', '10013', 410, 1004, 2104, '0', '1', '2008-06-01 00:00:00', 'データベース班', '2008-06-01 00:00:00', 'データベース班');
INSERT INTO `time_zone` VALUES ('130', '20045', 408, 1002, 124, '0', '1', '2008-06-01 00:00:00', 'データベース班', '2008-06-01 00:00:00', 'データベース班');
INSERT INTO `time_zone` VALUES ('131', '20046', 506, 305, 124, '0', '1', '2008-06-01 00:00:00', 'データベース班', '2008-06-01 00:00:00', 'データベース班');
INSERT INTO `time_zone` VALUES ('132', '20047', 112, 112, 124, '0', '1', '2008-06-01 00:00:00', 'データベース班', '2008-06-01 00:00:00', 'データベース班');
INSERT INTO `time_zone` VALUES ('133', '20048', 509, 1103, 124, '0', '1', '2008-06-01 00:00:00', 'データベース班', '2008-06-01 00:00:00', 'データベース班');
INSERT INTO `time_zone` VALUES ('134', '20049', 708, 102, 124, '0', '1', '2008-06-01 00:00:00', 'データベース班', '2008-06-01 00:00:00', 'データベース班');
INSERT INTO `time_zone` VALUES ('135', '20050', 1202, 608, 124, '0', '1', '2008-06-01 00:00:00', 'データベース班', '2008-06-01 00:00:00', 'データベース班');
INSERT INTO `time_zone` VALUES ('136', '20051', 709, 103, 124, '0', '1', '2008-06-01 00:00:00', 'データベース班', '2008-06-01 00:00:00', 'データベース班');
INSERT INTO `time_zone` VALUES ('137', '20052', 708, 102, 2308, '0', '1', '2008-06-01 00:00:00', 'データベース班', '2008-06-01 00:00:00', 'データベース班');
INSERT INTO `time_zone` VALUES ('138', '20053', 608, 1202, 124, '0', '1', '2008-06-01 00:00:00', 'データベース班', '2008-06-01 00:00:00', 'データベース班');
INSERT INTO `time_zone` VALUES ('139', '20054', 609, 1203, 1708, '0', '1', '2008-06-01 00:00:00', 'データベース班', '2008-06-01 00:00:00', 'データベース班');
INSERT INTO `time_zone` VALUES ('14', '10014', 307, 901, 124, '0', '1', '2008-06-01 00:00:00', 'データベース班', '2008-06-01 00:00:00', 'データベース班');
INSERT INTO `time_zone` VALUES ('140', '20055', 708, 102, 124, '0', '1', '2008-06-01 00:00:00', 'データベース班', '2008-06-01 00:00:00', 'データベース班');
INSERT INTO `time_zone` VALUES ('141', '20056', 708, 102, 124, '0', '1', '2008-06-01 00:00:00', 'データベース班', '2008-06-01 00:00:00', 'データベース班');
INSERT INTO `time_zone` VALUES ('142', '20057', 708, 102, 2308, '0', '1', '2008-06-01 00:00:00', 'データベース班', '2008-06-01 00:00:00', 'データベース班');
INSERT INTO `time_zone` VALUES ('143', '20058', 609, 1203, 1908, '0', '1', '2008-06-01 00:00:00', 'データベース班', '2008-06-01 00:00:00', 'データベース班');
INSERT INTO `time_zone` VALUES ('144', '20059', 708, 102, 1708, '0', '1', '2008-06-01 00:00:00', 'データベース班', '2008-06-01 00:00:00', 'データベース班');
INSERT INTO `time_zone` VALUES ('145', '20060', 708, 102, 1708, '0', '1', '2008-06-01 00:00:00', 'データベース班', '2008-06-01 00:00:00', 'データベース班');
INSERT INTO `time_zone` VALUES ('146', '20061', 708, 102, 1708, '0', '1', '2008-06-01 00:00:00', 'データベース班', '2008-06-01 00:00:00', 'データベース班');
INSERT INTO `time_zone` VALUES ('147', '20062', 708, 102, 1708, '0', '1', '2008-06-01 00:00:00', 'データベース班', '2008-06-01 00:00:00', 'データベース班');
INSERT INTO `time_zone` VALUES ('148', '20063', 708, 102, 1708, '0', '1', '2008-06-01 00:00:00', 'データベース班', '2008-06-01 00:00:00', 'データベース班');
INSERT INTO `time_zone` VALUES ('149', '20064', 708, 102, 1708, '0', '1', '2008-06-01 00:00:00', 'データベース班', '2008-06-01 00:00:00', 'データベース班');
INSERT INTO `time_zone` VALUES ('15', '10015', 508, 1102, 124, '0', '1', '2008-06-01 00:00:00', 'データベース班', '2008-06-01 00:00:00', 'データベース班');
INSERT INTO `time_zone` VALUES ('150', '20065', 708, 102, 1708, '0', '1', '2008-06-01 00:00:00', 'データベース班', '2008-06-01 00:00:00', 'データベース班');
INSERT INTO `time_zone` VALUES ('151', '20066', 711, 105, 408, '0', '1', '2008-06-01 00:00:00', 'データベース班', '2008-06-01 00:00:00', 'データベース班');
INSERT INTO `time_zone` VALUES ('152', '20067', 709, 103, 124, '0', '1', '2008-06-01 00:00:00', 'データベース班', '2008-06-01 00:00:00', 'データベース班');
INSERT INTO `time_zone` VALUES ('153', '20068', 112, 112, 124, '0', '1', '2008-06-01 00:00:00', 'データベース班', '2008-06-01 00:00:00', 'データベース班');
INSERT INTO `time_zone` VALUES ('154', '20069', 112, 112, 124, '0', '1', '2008-06-01 00:00:00', 'データベース班', '2008-06-01 00:00:00', 'データベース班');
INSERT INTO `time_zone` VALUES ('155', '20070', 112, 112, 1908, '0', '1', '2008-06-01 00:00:00', 'データベース班', '2008-06-01 00:00:00', 'データベース班');
INSERT INTO `time_zone` VALUES ('156', '20071', 112, 112, 124, '0', '1', '2008-06-01 00:00:00', 'データベース班', '2008-06-01 00:00:00', 'データベース班');
INSERT INTO `time_zone` VALUES ('157', '20072', 112, 112, 124, '0', '1', '2008-06-01 00:00:00', 'データベース班', '2008-06-01 00:00:00', 'データベース班');
INSERT INTO `time_zone` VALUES ('158', '20073', 609, 1203, 1604, '0', '1', '2008-06-01 00:00:00', 'データベース班', '2008-06-01 00:00:00', 'データベース班');
INSERT INTO `time_zone` VALUES ('159', '20074', 411, 1005, 124, '0', '1', '2008-06-01 00:00:00', 'データベース班', '2008-06-01 00:00:00', 'データベース班');
INSERT INTO `time_zone` VALUES ('16', '10016', 112, 112, 1609, '0', '1', '2008-06-01 00:00:00', 'データベース班', '2008-06-01 00:00:00', 'データベース班');
INSERT INTO `time_zone` VALUES ('160', '20075', 112, 112, 124, '0', '1', '2008-06-01 00:00:00', 'データベース班', '2008-06-01 00:00:00', 'データベース班');
INSERT INTO `time_zone` VALUES ('161', '20076', 906, 312, 2316, '0', '1', '2008-06-01 00:00:00', 'データベース班', '2008-06-01 00:00:00', 'データベース班');
INSERT INTO `time_zone` VALUES ('162', '20077', 906, 312, 1623, '0', '1', '2008-06-01 00:00:00', 'データベース班', '2008-06-01 00:00:00', 'データベース班');
INSERT INTO `time_zone` VALUES ('163', '20078', 112, 112, 1908, '0', '1', '2008-06-01 00:00:00', 'データベース班', '2008-06-01 00:00:00', 'データベース班');
INSERT INTO `time_zone` VALUES ('164', '20079', 1104, 510, 1904, '0', '1', '2008-06-01 00:00:00', 'データベース班', '2008-06-01 00:00:00', 'データベース班');
INSERT INTO `time_zone` VALUES ('165', '20080', 510, 1104, 1904, '0', '1', '2008-06-01 00:00:00', 'データベース班', '2008-06-01 00:00:00', 'データベース班');
INSERT INTO `time_zone` VALUES ('166', '20030', 708, 102, 1619, '0', '1', '2008-06-01 00:00:00', 'データベース班', '2008-06-01 00:00:00', 'データベース班');
INSERT INTO `time_zone` VALUES ('167', '20066', 711, 105, 1719, '0', '1', '2008-06-01 00:00:00', 'データベース班', '2008-06-01 00:00:00', 'データベース班');
INSERT INTO `time_zone` VALUES ('168', '20002', 910, 912, 419, '0', '1', '2008-06-01 00:00:00', 'データベース班', '2008-06-01 00:00:00', 'データベース班');
INSERT INTO `time_zone` VALUES ('169', '20009', 1203, 1203, 1708, '0', '1', '2008-06-01 00:00:00', 'データベース班', '2008-06-01 00:00:00', 'データベース班');
INSERT INTO `time_zone` VALUES ('17', '10017', 305, 911, 124, '0', '1', '2008-06-01 00:00:00', 'データベース班', '2008-06-01 00:00:00', 'データベース班');
INSERT INTO `time_zone` VALUES ('170', '20043', 1010, 912, 817, '0', '1', '2008-06-01 00:00:00', 'データベース班', '2008-06-01 00:00:00', 'データベース班');
INSERT INTO `time_zone` VALUES ('171', '20046', 911, 1112, 124, '0', '1', '2008-06-01 00:00:00', 'データベース班', '2008-06-01 00:00:00', 'データベース班');
INSERT INTO `time_zone` VALUES ('18', '10018', 510, 1104, 1609, '0', '1', '2008-06-01 00:00:00', 'データベース班', '2008-06-01 00:00:00', 'データベース班');
INSERT INTO `time_zone` VALUES ('19', '10019', 608, 1202, 916, '0', '1', '2008-06-01 00:00:00', 'データベース班', '2008-06-01 00:00:00', 'データベース班');
INSERT INTO `time_zone` VALUES ('2', '10002', 112, 112, 916, '0', '1', '2008-06-01 00:00:00', 'データベース班', '2008-06-01 00:00:00', 'データベース班');
INSERT INTO `time_zone` VALUES ('20', '10020', 112, 112, 916, '0', '1', '2008-06-01 00:00:00', 'データベース班', '2008-06-01 00:00:00', 'データベース班');
INSERT INTO `time_zone` VALUES ('21', '10021', 1003, 409, 124, '0', '1', '2008-06-01 00:00:00', 'データベース班', '2008-06-01 00:00:00', 'データベース班');
INSERT INTO `time_zone` VALUES ('22', '10022', 112, 112, 124, '0', '1', '2008-06-01 00:00:00', 'データベース班', '2008-06-01 00:00:00', 'データベース班');
INSERT INTO `time_zone` VALUES ('23', '10023', 610, 1204, 124, '0', '1', '2008-06-01 00:00:00', 'データベース班', '2008-06-01 00:00:00', 'データベース班');
INSERT INTO `time_zone` VALUES ('24', '10024', 912, 306, 124, '0', '1', '2008-06-01 00:00:00', 'データベース班', '2008-06-01 00:00:00', 'データベース班');
INSERT INTO `time_zone` VALUES ('25', '10025', 1202, 608, 124, '0', '1', '2008-06-01 00:00:00', 'データベース班', '2008-06-01 00:00:00', 'データベース班');
INSERT INTO `time_zone` VALUES ('26', '10026', 709, 103, 124, '0', '1', '2008-06-01 00:00:00', 'データベース班', '2008-06-01 00:00:00', 'データベース班');
INSERT INTO `time_zone` VALUES ('27', '10027', 306, 912, 1609, '0', '1', '2008-06-01 00:00:00', 'データベース班', '2008-06-01 00:00:00', 'データベース班');
INSERT INTO `time_zone` VALUES ('28', '10028', 306, 305, 1609, '0', '1', '2008-06-01 00:00:00', 'データベース班', '2008-06-01 00:00:00', 'データベース班');
INSERT INTO `time_zone` VALUES ('29', '10029', 305, 305, 1609, '0', '1', '2008-06-01 00:00:00', 'データベース班', '2008-06-01 00:00:00', 'データベース班');
INSERT INTO `time_zone` VALUES ('3', '10003', 112, 112, 124, '0', '1', '2008-06-01 00:00:00', 'データベース班', '2008-06-01 00:00:00', 'データベース班');
INSERT INTO `time_zone` VALUES ('30', '10030', 1203, 609, 1609, '0', '1', '2008-06-01 00:00:00', 'データベース班', '2008-06-01 00:00:00', 'データベース班');
INSERT INTO `time_zone` VALUES ('31', '10031', 909, 303, 124, '0', '1', '2008-06-01 00:00:00', 'データベース班', '2008-06-01 00:00:00', 'データベース班');
INSERT INTO `time_zone` VALUES ('32', '10032', 909, 303, 124, '0', '1', '2008-06-01 00:00:00', 'データベース班', '2008-06-01 00:00:00', 'データベース班');
INSERT INTO `time_zone` VALUES ('33', '10033', 911, 305, 1609, '0', '1', '2008-06-01 00:00:00', 'データベース班', '2008-06-01 00:00:00', 'データベース班');
INSERT INTO `time_zone` VALUES ('34', '10034', 411, 1005, 916, '0', '1', '2008-06-01 00:00:00', 'データベース班', '2008-06-01 00:00:00', 'データベース班');
INSERT INTO `time_zone` VALUES ('35', '10035', 509, 1103, 916, '0', '1', '2008-06-01 00:00:00', 'データベース班', '2008-06-01 00:00:00', 'データベース班');
INSERT INTO `time_zone` VALUES ('36', '10036', 510, 1104, 1609, '0', '1', '2008-06-01 00:00:00', 'データベース班', '2008-06-01 00:00:00', 'データベース班');
INSERT INTO `time_zone` VALUES ('37', '10037', 510, 1104, 916, '0', '1', '2008-06-01 00:00:00', 'データベース班', '2008-06-01 00:00:00', 'データベース班');
INSERT INTO `time_zone` VALUES ('38', '10038', 411, 1005, 916, '0', '1', '2008-06-01 00:00:00', 'データベース班', '2008-06-01 00:00:00', 'データベース班');
INSERT INTO `time_zone` VALUES ('39', '10039', 510, 1104, 916, '0', '1', '2008-06-01 00:00:00', 'データベース班', '2008-06-01 00:00:00', 'データベース班');
INSERT INTO `time_zone` VALUES ('4', '10004', 112, 112, 1609, '0', '1', '2008-06-01 00:00:00', 'データベース班', '2008-06-01 00:00:00', 'データベース班');
INSERT INTO `time_zone` VALUES ('40', '10040', 609, 1203, 916, '0', '1', '2008-06-01 00:00:00', 'データベース班', '2008-06-01 00:00:00', 'データベース班');
INSERT INTO `time_zone` VALUES ('41', '10041', 609, 1203, 1609, '0', '1', '2008-06-01 00:00:00', 'データベース班', '2008-06-01 00:00:00', 'データベース班');
INSERT INTO `time_zone` VALUES ('42', '10042', 609, 1203, 421, '0', '1', '2008-06-01 00:00:00', 'データベース班', '2008-06-01 00:00:00', 'データベース班');
INSERT INTO `time_zone` VALUES ('43', '10043', 609, 1203, 1609, '0', '1', '2008-06-01 00:00:00', 'データベース班', '2008-06-01 00:00:00', 'データベース班');
INSERT INTO `time_zone` VALUES ('44', '10044', 609, 1203, 1609, '0', '1', '2008-06-01 00:00:00', 'データベース班', '2008-06-01 00:00:00', 'データベース班');
INSERT INTO `time_zone` VALUES ('45', '10045', 609, 1203, 2104, '0', '1', '2008-06-01 00:00:00', 'データベース班', '2008-06-01 00:00:00', 'データベース班');
INSERT INTO `time_zone` VALUES ('46', '10046', 903, 309, 124, '0', '1', '2008-06-01 00:00:00', 'データベース班', '2008-06-01 00:00:00', 'データベース班');
INSERT INTO `time_zone` VALUES ('47', '10047', 1203, 609, 124, '0', '1', '2008-06-01 00:00:00', 'データベース班', '2008-06-01 00:00:00', 'データベース班');
INSERT INTO `time_zone` VALUES ('48', '10048', 411, 1005, 124, '0', '1', '2008-06-01 00:00:00', 'データベース班', '2008-06-01 00:00:00', 'データベース班');
INSERT INTO `time_zone` VALUES ('49', '10049', 409, 1003, 124, '0', '1', '2008-06-01 00:00:00', 'データベース班', '2008-06-01 00:00:00', 'データベース班');
INSERT INTO `time_zone` VALUES ('5', '10005', 112, 112, 124, '0', '1', '2008-06-01 00:00:00', 'データベース班', '2008-06-01 00:00:00', 'データベース班');
INSERT INTO `time_zone` VALUES ('50', '10050', 409, 1003, 124, '0', '1', '2008-06-01 00:00:00', 'データベース班', '2008-06-01 00:00:00', 'データベース班');
INSERT INTO `time_zone` VALUES ('51', '10051', 409, 1003, 124, '0', '1', '2008-06-01 00:00:00', 'データベース班', '2008-06-01 00:00:00', 'データベース班');
INSERT INTO `time_zone` VALUES ('52', '10052', 708, 102, 421, '0', '1', '2008-06-01 00:00:00', 'データベース班', '2008-06-01 00:00:00', 'データベース班');
INSERT INTO `time_zone` VALUES ('53', '10053', 411, 1005, 124, '0', '1', '2008-06-01 00:00:00', 'データベース班', '2008-06-01 00:00:00', 'データベース班');
INSERT INTO `time_zone` VALUES ('54', '10054', 1102, 508, 2104, '0', '1', '2008-06-01 00:00:00', 'データベース班', '2008-06-01 00:00:00', 'データベース班');
INSERT INTO `time_zone` VALUES ('55', '10055', 709, 103, 124, '0', '1', '2008-06-01 00:00:00', 'データベース班', '2008-06-01 00:00:00', 'データベース班');
INSERT INTO `time_zone` VALUES ('56', '10056', 112, 112, 421, '0', '1', '2008-06-01 00:00:00', 'データベース班', '2008-06-01 00:00:00', 'データベース班');
INSERT INTO `time_zone` VALUES ('57', '10057', 112, 112, 124, '0', '1', '2008-06-01 00:00:00', 'データベース班', '2008-06-01 00:00:00', 'データベース班');
INSERT INTO `time_zone` VALUES ('58', '10058', 311, 905, 124, '0', '1', '2008-06-01 00:00:00', 'データベース班', '2008-06-01 00:00:00', 'データベース班');
INSERT INTO `time_zone` VALUES ('59', '10059', 112, 112, 124, '0', '1', '2008-06-01 00:00:00', 'データベース班', '2008-06-01 00:00:00', 'データベース班');
INSERT INTO `time_zone` VALUES ('6', '10006', 112, 112, 1609, '0', '1', '2008-06-01 00:00:00', 'データベース班', '2008-06-01 00:00:00', 'データベース班');
INSERT INTO `time_zone` VALUES ('60', '10060', 112, 112, 124, '0', '1', '2008-06-01 00:00:00', 'データベース班', '2008-06-01 00:00:00', 'データベース班');
INSERT INTO `time_zone` VALUES ('61', '10061', 1004, 410, 124, '0', '1', '2008-06-01 00:00:00', 'データベース班', '2008-06-01 00:00:00', 'データベース班');
INSERT INTO `time_zone` VALUES ('62', '10062', 112, 112, 124, '0', '1', '2008-06-01 00:00:00', 'データベース班', '2008-06-01 00:00:00', 'データベース班');
INSERT INTO `time_zone` VALUES ('63', '10063', 1208, 602, 124, '0', '1', '2008-06-01 00:00:00', 'データベース班', '2008-06-01 00:00:00', 'データベース班');
INSERT INTO `time_zone` VALUES ('64', '10064', 810, 204, 124, '0', '1', '2008-06-01 00:00:00', 'データベース班', '2008-06-01 00:00:00', 'データベース班');
INSERT INTO `time_zone` VALUES ('65', '10065', 610, 1204, 124, '0', '1', '2008-06-01 00:00:00', 'データベース班', '2008-06-01 00:00:00', 'データベース班');
INSERT INTO `time_zone` VALUES ('66', '10066', 1104, 510, 124, '0', '1', '2008-06-01 00:00:00', 'データベース班', '2008-06-01 00:00:00', 'データベース班');
INSERT INTO `time_zone` VALUES ('67', '10067', 709, 103, 124, '0', '1', '2008-06-01 00:00:00', 'データベース班', '2008-06-01 00:00:00', 'データベース班');
INSERT INTO `time_zone` VALUES ('68', '10068', 510, 1104, 124, '0', '1', '2008-06-01 00:00:00', 'データベース班', '2008-06-01 00:00:00', 'データベース班');
INSERT INTO `time_zone` VALUES ('69', '10069', 510, 1104, 124, '0', '1', '2008-06-01 00:00:00', 'データベース班', '2008-06-01 00:00:00', 'データベース班');
INSERT INTO `time_zone` VALUES ('7', '10007', 112, 112, 124, '0', '1', '2008-06-01 00:00:00', 'データベース班', '2008-06-01 00:00:00', 'データベース班');
INSERT INTO `time_zone` VALUES ('70', '10070', 709, 103, 421, '0', '1', '2008-06-01 00:00:00', 'データベース班', '2008-06-01 00:00:00', 'データベース班');
INSERT INTO `time_zone` VALUES ('71', '10071', 811, 205, 421, '0', '1', '2008-06-01 00:00:00', 'データベース班', '2008-06-01 00:00:00', 'データベース班');
INSERT INTO `time_zone` VALUES ('72', '10072', 609, 1203, 1609, '0', '1', '2008-06-01 00:00:00', 'データベース班', '2008-06-01 00:00:00', 'データベース班');
INSERT INTO `time_zone` VALUES ('73', '10073', 609, 1203, 1609, '0', '1', '2008-06-01 00:00:00', 'データベース班', '2008-06-01 00:00:00', 'データベース班');
INSERT INTO `time_zone` VALUES ('74', '10074', 609, 1203, 1609, '0', '1', '2008-06-01 00:00:00', 'データベース班', '2008-06-01 00:00:00', 'データベース班');
INSERT INTO `time_zone` VALUES ('75', '10075', 609, 1203, 124, '0', '1', '2008-06-01 00:00:00', 'データベース班', '2008-06-01 00:00:00', 'データベース班');
INSERT INTO `time_zone` VALUES ('76', '10076', 609, 1203, 124, '0', '1', '2008-06-01 00:00:00', 'データベース班', '2008-06-01 00:00:00', 'データベース班');
INSERT INTO `time_zone` VALUES ('77', '10077', 1103, 509, 1609, '0', '1', '2008-06-01 00:00:00', 'データベース班', '2008-06-01 00:00:00', 'データベース班');
INSERT INTO `time_zone` VALUES ('78', '10078', 1205, 611, 124, '0', '1', '2008-06-01 00:00:00', 'データベース班', '2008-06-01 00:00:00', 'データベース班');
INSERT INTO `time_zone` VALUES ('79', '10079', 112, 112, 2104, '0', '1', '2008-06-01 00:00:00', 'データベース班', '2008-06-01 00:00:00', 'データベース班');
INSERT INTO `time_zone` VALUES ('8', '10008', 112, 112, 916, '0', '1', '2008-06-01 00:00:00', 'データベース班', '2008-06-01 00:00:00', 'データベース班');
INSERT INTO `time_zone` VALUES ('80', '10080', 112, 112, 124, '0', '1', '2008-06-01 00:00:00', 'データベース班', '2008-06-01 00:00:00', 'データベース班');
INSERT INTO `time_zone` VALUES ('81', '10040', 609, 1203, 2104, '0', '1', '2008-06-01 00:00:00', 'データベース班', '2008-06-01 00:00:00', 'データベース班');
INSERT INTO `time_zone` VALUES ('82', '10027', 911, 305, 1609, '0', '1', '2008-06-01 00:00:00', 'データベース班', '2008-06-01 00:00:00', 'データベース班');
INSERT INTO `time_zone` VALUES ('83', '10028', 911, 912, 1609, '0', '1', '2008-06-01 00:00:00', 'データベース班', '2008-06-01 00:00:00', 'データベース班');
INSERT INTO `time_zone` VALUES ('84', '10029', 911, 911, 1609, '0', '1', '2008-06-01 00:00:00', 'データベース班', '2008-06-01 00:00:00', 'データベース班');
INSERT INTO `time_zone` VALUES ('85', '10067', 1104, 510, 124, '0', '1', '2008-06-01 00:00:00', 'データベース班', '2008-06-01 00:00:00', 'データベース班');
INSERT INTO `time_zone` VALUES ('86', '20001', 906, 312, 419, '0', '1', '2008-06-01 00:00:00', 'データベース班', '2008-06-01 00:00:00', 'データベース班');
INSERT INTO `time_zone` VALUES ('87', '20002', 306, 304, 419, '0', '1', '2008-06-01 00:00:00', 'データベース班', '2008-06-01 00:00:00', 'データベース班');
INSERT INTO `time_zone` VALUES ('88', '20003', 309, 903, 419, '0', '1', '2008-06-01 00:00:00', 'データベース班', '2008-06-01 00:00:00', 'データベース班');
INSERT INTO `time_zone` VALUES ('89', '20004', 306, 912, 419, '0', '1', '2008-06-01 00:00:00', 'データベース班', '2008-06-01 00:00:00', 'データベース班');
INSERT INTO `time_zone` VALUES ('9', '10009', 112, 112, 916, '0', '1', '2008-06-01 00:00:00', 'データベース班', '2008-06-01 00:00:00', 'データベース班');
INSERT INTO `time_zone` VALUES ('90', '20005', 408, 1002, 419, '0', '1', '2008-06-01 00:00:00', 'データベース班', '2008-06-01 00:00:00', 'データベース班');
INSERT INTO `time_zone` VALUES ('91', '20006', 112, 112, 819, '0', '1', '2008-06-01 00:00:00', 'データベース班', '2008-06-01 00:00:00', 'データベース班');
INSERT INTO `time_zone` VALUES ('92', '20007', 508, 1102, 419, '0', '1', '2008-06-01 00:00:00', 'データベース班', '2008-06-01 00:00:00', 'データベース班');
INSERT INTO `time_zone` VALUES ('93', '20008', 911, 305, 417, '0', '1', '2008-06-01 00:00:00', 'データベース班', '2008-06-01 00:00:00', 'データベース班');
INSERT INTO `time_zone` VALUES ('94', '20009', 609, 609, 1708, '0', '1', '2008-06-01 00:00:00', 'データベース班', '2008-06-01 00:00:00', 'データベース班');
INSERT INTO `time_zone` VALUES ('95', '20010', 409, 1003, 817, '0', '1', '2008-06-01 00:00:00', 'データベース班', '2008-06-01 00:00:00', 'データベース班');
INSERT INTO `time_zone` VALUES ('96', '20011', 409, 608, 417, '0', '1', '2008-06-01 00:00:00', 'データベース班', '2008-06-01 00:00:00', 'データベース班');
INSERT INTO `time_zone` VALUES ('97', '20012', 509, 1103, 816, '0', '1', '2008-06-01 00:00:00', 'データベース班', '2008-06-01 00:00:00', 'データベース班');
INSERT INTO `time_zone` VALUES ('98', '20013', 112, 112, 1904, '0', '1', '2008-06-01 00:00:00', 'データベース班', '2008-06-01 00:00:00', 'データベース班');
INSERT INTO `time_zone` VALUES ('99', '20014', 409, 1002, 1904, '0', '1', '2008-06-01 00:00:00', 'データベース班', '2008-06-01 00:00:00', 'データベース班');

SET FOREIGN_KEY_CHECKS = 1;
